time_s,time_ms,accel_x,accel_y,accel_z,gyro_x,gyro_y,gyro_z,accel_magnitude,ina240_adc,ina240_out_voltage
0.0,1320.0,0.242,0.273,9.515,-0.005,-0.085,-0.003,9.522,1881.0,1.516
0.503,1823.0,0.182,0.23,9.457,-0.007,-0.086,-0.007,9.462,1879.0,1.514
1.006,2326.0,0.196,0.225,9.488,-0.007,-0.085,-0.006,9.493,1891.0,1.524
1.509,2829.0,0.184,0.239,9.481,-0.007,-0.085,-0.006,9.486,1888.0,1.521
2.012,3332.0,0.199,0.23,9.479,-0.007,-0.086,-0.007,9.484,1887.0,1.521
2.515,3835.0,0.211,0.23,9.469,-0.006,-0.085,-0.006,9.474,1881.0,1.516
3.018,4338.0,0.204,0.22,9.474,-0.007,-0.085,-0.006,9.479,1882.0,1.517
3.521,4841.0,0.204,0.232,9.464,-0.007,-0.086,-0.007,9.469,1893.0,1.525
4.024,5344.0,0.196,0.239,9.471,-0.006,-0.085,-0.006,9.477,1881.0,1.516
4.527,5847.0,0.194,0.223,9.479,-0.007,-0.086,-0.006,9.483,1885.0,1.519
5.03,6350.0,0.177,0.235,9.469,-0.007,-0.085,-0.006,9.474,1883.0,1.517
5.533,6853.0,0.196,0.239,9.455,-0.007,-0.082,-0.005,9.46,1882.0,1.517
6.036,7356.0,-0.278,0.244,9.531,0.023,-0.156,-0.28,9.538,1889.0,1.522
6.539,7859.0,0.251,0.237,9.464,-0.004,-0.085,-0.006,9.471,1887.0,1.521
7.042,8362.0,0.251,0.263,9.467,-0.005,-0.086,-0.006,9.474,1875.0,1.511
7.545,8865.0,0.232,0.273,9.469,-0.007,-0.082,-0.006,9.476,1890.0,1.523
8.048,9368.0,0.249,0.273,9.457,-0.009,-0.083,-0.004,9.464,1878.0,1.513
8.551,9871.0,-0.493,0.038,9.373,-0.017,-0.075,-0.091,9.386,1885.0,1.519
9.054,10374.0,0.242,-0.007,9.383,-0.005,-0.081,-0.007,9.386,1882.0,1.517
9.557,10877.0,0.213,-0.012,9.452,-0.007,-0.085,-0.007,9.455,1889.0,1.522
10.06,11380.0,0.242,-0.012,9.469,-0.006,-0.085,-0.007,9.472,1879.0,1.514
10.563,11883.0,0.227,-0.007,9.448,-0.006,-0.086,-0.007,9.45,1880.0,1.515
11.066,12386.0,0.232,-0.014,9.469,-0.007,-0.086,-0.006,9.472,1888.0,1.521
11.569,12889.0,0.235,-0.014,9.457,-0.007,-0.086,-0.007,9.46,1889.0,1.522
12.072,13392.0,0.237,-0.036,9.448,-0.007,-0.087,-0.007,9.451,1889.0,1.522
12.575,13895.0,0.259,-0.014,9.433,-0.007,-0.086,-0.007,9.437,1881.0,1.516
13.078,14398.0,0.256,-0.043,9.476,-0.008,-0.086,-0.007,9.48,1885.0,1.519
13.581,14901.0,0.256,-0.022,9.445,-0.007,-0.086,-0.005,9.449,1888.0,1.521
14.084,15404.0,0.256,-0.014,9.459,-0.006,-0.085,-0.007,9.463,1875.0,1.511
14.587,15907.0,1.034,0.383,9.555,-0.023,-0.11,-0.3,9.619,1892.0,1.525
15.09,16410.0,0.304,0.089,9.407,0.059,-0.091,-0.01,9.412,1878.0,1.513
15.593,16913.0,0.685,-0.711,8.423,-0.305,0.164,-0.154,8.48,1883.0,1.517
16.096,17416.0,2.617,6.115,9.754,0.177,0.055,-0.161,11.806,1885.0,1.519
16.599,17919.0,1.432,-1.154,7.554,0.31,-0.33,-0.707,7.774,1891.0,1.524
17.102,18422.0,0.297,-0.132,13.154,-0.662,0.529,0.036,13.158,1898.0,1.53
17.605,18925.0,2.586,5.298,9.17,-0.088,-0.086,0.291,10.902,1875.0,1.511
18.108,19428.0,2.107,2.227,9.131,0.474,-0.099,-0.72,9.632,1887.0,1.521
18.611,19931.0,-0.381,-3.579,10.068,0.202,-0.357,-0.272,10.692,1887.0,1.521
19.114,20434.0,0.05,-1.954,10.274,-0.432,0.075,0.379,10.458,1885.0,1.519
19.617,20937.0,2.995,5.703,9.17,-0.087,-0.011,0.186,11.206,1887.0,1.521
20.12,21440.0,0.651,-2.361,9.586,0.48,-0.42,-0.406,9.894,1881.0,1.516
20.623,21943.0,1.008,0.486,7.944,-0.523,0.173,0.42,8.022,1885.0,1.519
21.126,22446.0,2.792,4.087,10.458,0.445,-0.12,-0.345,11.57,1881.0,1.516
21.629,22949.0,-0.134,-3.213,9.457,0.067,-0.229,-0.262,9.989,1887.0,1.521
22.132,23452.0,-0.211,-2.919,10.017,-0.569,-0.141,0.202,10.436,1885.0,1.519
22.635,23955.0,0.812,0.23,9.11,-0.488,0.204,0.551,9.149,1886.0,1.52
23.138,24458.0,2.799,4.432,8.538,-0.253,-0.077,0.395,10.018,1878.0,1.513
23.641,24961.0,2.303,3.496,10.036,0.175,-0.104,0.007,10.875,1875.0,1.511
24.144,25464.0,2.289,4.101,8.997,0.241,-0.12,-0.328,10.15,1883.0,1.517
24.647,25967.0,1.92,1.666,9.033,0.568,-0.036,-0.815,9.384,1890.0,1.523
25.15,26470.0,-0.804,-3.979,9.828,-0.068,-0.24,-0.007,10.634,1886.0,1.52
25.654,26974.0,0.079,-1.355,10.063,-0.701,0.352,0.823,10.154,1879.0,1.514
26.157,27477.0,2.047,3.795,8.392,-0.696,0.121,0.531,9.435,1877.0,1.513
26.66,27980.0,2.646,5.547,12.251,0.552,-0.394,-0.21,13.706,1885.0,1.519
27.163,28483.0,2.679,5.085,10.609,0.125,-0.166,0.011,12.066,1882.0,1.517
27.666,28986.0,2.545,5.102,10.908,0.215,-0.161,-0.152,12.308,1887.0,1.521
28.169,29489.0,2.452,4.812,10.077,0.383,-0.31,-0.338,11.433,1882.0,1.517
28.672,29992.0,1.956,2.945,9.922,0.567,-0.116,-0.545,10.533,1882.0,1.517
29.175,30495.0,1.884,2.701,9.311,0.969,-0.22,-0.924,9.876,1882.0,1.517
29.678,30998.0,0.476,-2.986,8.344,0.576,-0.325,-0.698,8.875,1891.0,1.524
30.181,31501.0,-0.022,-3.158,8.076,0.07,-0.114,-0.111,8.671,1890.0,1.523
31.187,32507.0,1.204,1.135,13.585,0.351,-0.213,-0.091,13.685,1883.0,1.517
31.69,33010.0,0.62,1.003,15.574,0.156,-0.191,0.009,15.619,1871.0,1.508
32.193,33513.0,0.917,0.388,7.46,-0.51,0.156,0.066,7.526,1886.0,1.52
32.696,34016.0,1.458,-0.136,5.535,-0.084,-0.076,0.028,5.726,1887.0,1.521
33.199,34519.0,1.456,-0.062,7.099,0.14,-0.235,-0.107,7.247,1890.0,1.523
33.702,35022.0,1.432,0.175,8.456,0.242,-0.175,0.005,8.578,1883.0,1.517
34.205,35525.0,1.238,-0.536,8.104,0.302,-0.176,-0.11,8.216,1882.0,1.517
34.708,36028.0,1.097,0.12,13.151,0.133,-0.06,-0.122,13.198,1883.0,1.517
35.211,36531.0,1.405,0.139,14.207,-0.048,-0.108,0.07,14.277,1882.0,1.517
35.714,37034.0,1.681,0.201,6.981,-0.294,0.023,0.05,7.184,1887.0,1.521
36.217,37537.0,1.281,-0.761,4.87,-0.037,-0.106,-0.063,5.093,1885.0,1.519
36.72,38040.0,1.563,-0.395,8.44,0.304,-0.248,-0.088,8.592,1892.0,1.525
37.223,38543.0,0.577,-0.5,14.298,0.182,-0.246,-0.022,14.319,1890.0,1.523
37.726,39046.0,1.283,0.211,8.916,-0.335,0.195,0.023,9.01,1884.0,1.518
38.229,39549.0,1.537,0.045,5.48,-0.023,-0.088,-0.021,5.692,1883.0,1.517
38.732,40052.0,1.216,-0.096,8.76,0.342,-0.382,-0.052,8.845,1890.0,1.523
39.235,40555.0,0.666,-0.139,11.602,0.198,-0.111,-0.044,11.622,1882.0,1.517
39.738,41058.0,0.666,0.043,12.957,0.137,-0.155,-0.114,12.975,1883.0,1.517
40.241,41561.0,1.903,0.97,12.984,1.18,0.469,0.126,13.158,1887.0,1.521
40.744,42064.0,1.041,0.62,10.743,-0.326,-0.046,0.166,10.811,1886.0,1.52
41.247,42567.0,1.334,0.139,6.941,-0.303,0.09,0.042,7.069,1887.0,1.521
41.75,43070.0,1.319,0.867,6.73,-0.002,0.09,0.083,6.913,1885.0,1.519
42.253,43573.0,1.456,0.962,5.375,0.042,-0.092,-0.047,5.651,1891.0,1.524
42.756,44076.0,1.094,1.286,9.151,0.186,-0.343,-0.027,9.305,1885.0,1.519
43.259,44579.0,0.752,1.695,10.851,0.139,-0.346,-0.073,11.008,1882.0,1.517
43.762,45082.0,0.989,0.891,9.364,-0.378,-0.0,0.028,9.458,1889.0,1.522
44.265,45585.0,1.803,0.716,5.581,-0.261,-0.062,0.03,5.908,1885.0,1.519
44.768,46088.0,1.295,0.488,6.201,-0.036,-0.005,0.109,6.354,1889.0,1.522
45.271,46591.0,1.429,0.029,6.029,-0.237,0.016,0.067,6.196,1888.0,1.521
45.774,47094.0,1.293,-0.206,5.478,-0.114,-0.074,-0.024,5.632,1879.0,1.514
46.277,47597.0,1.413,0.407,7.472,0.227,-0.293,-0.039,7.616,1883.0,1.517
46.78,48100.0,0.007,0.45,8.837,-0.181,0.207,0.074,8.848,1875.0,1.511
47.283,48603.0,0.17,-0.017,9.493,-0.006,-0.085,-0.007,9.495,1887.0,1.521
47.786,49106.0,0.17,-0.017,9.462,-0.007,-0.086,-0.006,9.463,1885.0,1.519
48.289,49609.0,0.182,-0.01,9.498,-0.006,-0.084,-0.006,9.5,1878.0,1.513
48.792,50112.0,0.172,-0.01,9.483,-0.007,-0.085,-0.007,9.485,1881.0,1.516
49.295,50615.0,0.175,-0.019,9.471,-0.007,-0.086,-0.007,9.473,1885.0,1.519
49.798,51118.0,0.192,-0.01,9.483,-0.007,-0.085,-0.005,9.485,1886.0,1.52
50.301,51621.0,0.175,-0.019,9.469,-0.007,-0.085,-0.007,9.471,1883.0,1.517
50.804,52124.0,0.168,-0.022,9.498,-0.007,-0.085,-0.006,9.499,1877.0,1.513
51.307,52627.0,0.182,-0.014,9.479,-0.007,-0.085,-0.007,9.48,1888.0,1.521
51.81,53130.0,0.175,-0.012,9.44,-0.007,-0.086,-0.006,9.442,1882.0,1.517
52.313,53633.0,0.175,-0.017,9.452,-0.008,-0.085,-0.008,9.454,1890.0,1.523
52.816,54136.0,0.172,0.005,9.467,-0.007,-0.085,-0.007,9.468,1886.0,1.52
53.319,54639.0,0.17,-0.014,9.474,-0.007,-0.086,-0.007,9.475,1887.0,1.521
53.822,55142.0,0.163,-0.024,9.467,-0.007,-0.085,-0.006,9.468,1887.0,1.521
54.325,55645.0,0.187,-0.022,9.479,-0.007,-0.086,-0.006,9.481,1879.0,1.514
54.828,56148.0,0.182,-0.007,9.512,-0.008,-0.085,-0.006,9.514,1891.0,1.524
55.331,56651.0,0.168,-0.01,9.452,-0.007,-0.085,-0.006,9.454,1890.0,1.523
55.834,57154.0,0.168,-0.014,9.452,-0.007,-0.085,-0.006,9.454,1875.0,1.511
56.337,57657.0,0.177,-0.017,9.462,-0.007,-0.085,-0.006,9.464,1878.0,1.513
56.84,58160.0,0.189,-0.014,9.457,-0.007,-0.086,-0.006,9.459,1884.0,1.518
57.343,58663.0,0.18,-0.012,9.471,-0.007,-0.086,-0.007,9.473,1877.0,1.513
57.846,59166.0,0.187,-0.014,9.431,-0.007,-0.085,-0.006,9.433,1883.0,1.517
58.349,59669.0,0.182,0.0,9.474,-0.006,-0.085,-0.006,9.476,1883.0,1.517
58.852,60172.0,0.194,-0.014,9.467,-0.007,-0.086,-0.007,9.469,1885.0,1.519
59.355,60675.0,0.182,-0.01,9.471,-0.007,-0.086,-0.007,9.473,1882.0,1.517
59.858,61178.0,0.163,-0.014,9.5,-0.007,-0.085,-0.007,9.502,1879.0,1.514
60.361,61681.0,0.175,-0.012,9.459,-0.007,-0.085,-0.007,9.461,1881.0,1.516
60.864,62184.0,0.177,-0.019,9.491,-0.007,-0.086,-0.007,9.492,1889.0,1.522
61.367,62687.0,0.192,-0.007,9.452,-0.007,-0.085,-0.007,9.454,1888.0,1.521
61.87,63190.0,0.194,-0.024,9.488,-0.008,-0.085,-0.007,9.49,1893.0,1.525
