time_ms,accel_x,accel_y,accel_z,gyro_x,gyro_y,gyro_z,accel_magnitude,ina240_adc,ina240_out_voltage
1320,0.242,0.273,9.515,-0.005,-0.085,-0.003,9.522,1881,1.516
1823,0.182,0.230,9.457,-0.007,-0.086,-0.007,9.462,1879,1.514
2326,0.196,0.225,9.488,-0.007,-0.085,-0.006,9.493,1891,1.524
2829,0.184,0.239,9.481,-0.007,-0.085,-0.006,9.486,1888,1.521
3332,0.199,0.230,9.479,-0.007,-0.086,-0.007,9.484,1887,1.521
3835,0.211,0.230,9.469,-0.006,-0.085,-0.006,9.474,1881,1.516
4338,0.204,0.220,9.474,-0.007,-0.085,-0.006,9.479,1882,1.517
4841,0.204,0.232,9.464,-0.007,-0.086,-0.007,9.469,1893,1.525
5344,0.196,0.239,9.471,-0.006,-0.085,-0.006,9.477,1881,1.516
5847,0.194,0.223,9.479,-0.007,-0.086,-0.006,9.483,1885,1.519
6350,0.177,0.235,9.469,-0.007,-0.085,-0.006,9.474,1883,1.517
6853,0.196,0.239,9.455,-0.007,-0.082,-0.005,9.460,1882,1.517
7356,-0.278,0.244,9.531,0.023,-0.156,-0.280,9.538,1889,1.522
7859,0.251,0.237,9.464,-0.004,-0.085,-0.006,9.471,1887,1.521
8362,0.251,0.263,9.467,-0.005,-0.086,-0.006,9.474,1875,1.511
8865,0.232,0.273,9.469,-0.007,-0.082,-0.006,9.476,1890,1.523
9368,0.249,0.273,9.457,-0.009,-0.083,-0.004,9.464,1878,1.513
9871,-0.493,0.038,9.373,-0.017,-0.075,-0.091,9.386,1885,1.519
10374,0.242,-0.007,9.383,-0.005,-0.081,-0.007,9.386,1882,1.517
10877,0.213,-0.012,9.452,-0.007,-0.085,-0.007,9.455,1889,1.522
11380,0.242,-0.012,9.469,-0.006,-0.085,-0.007,9.472,1879,1.514
11883,0.227,-0.007,9.448,-0.006,-0.086,-0.007,9.450,1880,1.515
12386,0.232,-0.014,9.469,-0.007,-0.086,-0.006,9.472,1888,1.521
12889,0.235,-0.014,9.457,-0.007,-0.086,-0.007,9.460,1889,1.522
13392,0.237,-0.036,9.448,-0.007,-0.087,-0.007,9.451,1889,1.522
13895,0.259,-0.014,9.433,-0.007,-0.086,-0.007,9.437,1881,1.516
14398,0.256,-0.043,9.476,-0.008,-0.086,-0.007,9.480,1885,1.519
14901,0.256,-0.022,9.445,-0.007,-0.086,-0.005,9.449,1888,1.521
15404,0.256,-0.014,9.459,-0.006,-0.085,-0.007,9.463,1875,1.511
15907,1.034,0.383,9.555,-0.023,-0.110,-0.300,9.619,1892,1.525
16410,0.304,0.089,9.407,0.059,-0.091,-0.010,9.412,1878,1.513
16913,0.685,-0.711,8.423,-0.305,0.164,-0.154,8.480,1883,1.517
17416,2.617,6.115,9.754,0.177,0.055,-0.161,11.806,1885,1.519
17919,1.432,-1.154,7.554,0.310,-0.330,-0.707,7.774,1891,1.524
18422,0.297,-0.132,13.154,-0.662,0.529,0.036,13.158,1898,1.530
18925,2.586,5.298,9.170,-0.088,-0.086,0.291,10.902,1875,1.511
19428,2.107,2.227,9.131,0.474,-0.099,-0.720,9.632,1887,1.521
19931,-0.381,-3.579,10.068,0.202,-0.357,-0.272,10.692,1887,1.521
20434,0.050,-1.954,10.274,-0.432,0.075,0.379,10.458,1885,1.519
20937,2.995,5.703,9.170,-0.087,-0.011,0.186,11.206,1887,1.521
21440,0.651,-2.361,9.586,0.480,-0.420,-0.406,9.894,1881,1.516
21943,1.008,0.486,7.944,-0.523,0.173,0.420,8.022,1885,1.519
22446,2.792,4.087,10.458,0.445,-0.120,-0.345,11.570,1881,1.516
22949,-0.134,-3.213,9.457,0.067,-0.229,-0.262,9.989,1887,1.521
23452,-0.211,-2.919,10.017,-0.569,-0.141,0.202,10.436,1885,1.519
23955,0.812,0.230,9.110,-0.488,0.204,0.551,9.149,1886,1.520
24458,2.799,4.432,8.538,-0.253,-0.077,0.395,10.018,1878,1.513
24961,2.303,3.496,10.036,0.175,-0.104,0.007,10.875,1875,1.511
25464,2.289,4.101,8.997,0.241,-0.120,-0.328,10.150,1883,1.517
25967,1.920,1.666,9.033,0.568,-0.036,-0.815,9.384,1890,1.523
26470,-0.804,-3.979,9.828,-0.068,-0.240,-0.007,10.634,1886,1.520
26974,0.079,-1.355,10.063,-0.701,0.352,0.823,10.154,1879,1.514
27477,2.047,3.795,8.392,-0.696,0.121,0.531,9.435,1877,1.513
27980,2.646,5.547,12.251,0.552,-0.394,-0.210,13.706,1885,1.519
28483,2.679,5.085,10.609,0.125,-0.166,0.011,12.066,1882,1.517
28986,2.545,5.102,10.908,0.215,-0.161,-0.152,12.308,1887,1.521
29489,2.452,4.812,10.077,0.383,-0.310,-0.338,11.433,1882,1.517
29992,1.956,2.945,9.922,0.567,-0.116,-0.545,10.533,1882,1.517
30495,1.884,2.701,9.311,0.969,-0.220,-0.924,9.876,1882,1.517
30998,0.476,-2.986,8.344,0.576,-0.325,-0.698,8.875,1891,1.524
31501,-0.022,-3.158,8.076,0.070,-0.114,-0.111,8.671,1890,1.523
32507,1.204,1.135,13.585,0.351,-0.213,-0.091,13.685,1883,1.517
33010,0.620,1.003,15.574,0.156,-0.191,0.009,15.619,1871,1.508
33513,0.917,0.388,7.460,-0.510,0.156,0.066,7.526,1886,1.520
34016,1.458,-0.136,5.535,-0.084,-0.076,0.028,5.726,1887,1.521
34519,1.456,-0.062,7.099,0.140,-0.235,-0.107,7.247,1890,1.523
35022,1.432,0.175,8.456,0.242,-0.175,0.005,8.578,1883,1.517
35525,1.238,-0.536,8.104,0.302,-0.176,-0.110,8.216,1882,1.517
36028,1.097,0.120,13.151,0.133,-0.060,-0.122,13.198,1883,1.517
36531,1.405,0.139,14.207,-0.048,-0.108,0.070,14.277,1882,1.517
37034,1.681,0.201,6.981,-0.294,0.023,0.050,7.184,1887,1.521
37537,1.281,-0.761,4.870,-0.037,-0.106,-0.063,5.093,1885,1.519
38040,1.563,-0.395,8.440,0.304,-0.248,-0.088,8.592,1892,1.525
38543,0.577,-0.500,14.298,0.182,-0.246,-0.022,14.319,1890,1.523
39046,1.283,0.211,8.916,-0.335,0.195,0.023,9.010,1884,1.518
39549,1.537,0.045,5.480,-0.023,-0.088,-0.021,5.692,1883,1.517
40052,1.216,-0.096,8.760,0.342,-0.382,-0.052,8.845,1890,1.523
40555,0.666,-0.139,11.602,0.198,-0.111,-0.044,11.622,1882,1.517
41058,0.666,0.043,12.957,0.137,-0.155,-0.114,12.975,1883,1.517
41561,1.903,0.970,12.984,1.180,0.469,0.126,13.158,1887,1.521
42064,1.041,0.620,10.743,-0.326,-0.046,0.166,10.811,1886,1.520
42567,1.334,0.139,6.941,-0.303,0.090,0.042,7.069,1887,1.521
43070,1.319,0.867,6.730,-0.002,0.090,0.083,6.913,1885,1.519
43573,1.456,0.962,5.375,0.042,-0.092,-0.047,5.651,1891,1.524
44076,1.094,1.286,9.151,0.186,-0.343,-0.027,9.305,1885,1.519
44579,0.752,1.695,10.851,0.139,-0.346,-0.073,11.008,1882,1.517
45082,0.989,0.891,9.364,-0.378,-0.000,0.028,9.458,1889,1.522
45585,1.803,0.716,5.581,-0.261,-0.062,0.030,5.908,1885,1.519
46088,1.295,0.488,6.201,-0.036,-0.005,0.109,6.354,1889,1.522
46591,1.429,0.029,6.029,-0.237,0.016,0.067,6.196,1888,1.521
47094,1.293,-0.206,5.478,-0.114,-0.074,-0.024,5.632,1879,1.514
47597,1.413,0.407,7.472,0.227,-0.293,-0.039,7.616,1883,1.517
48100,0.007,0.450,8.837,-0.181,0.207,0.074,8.848,1875,1.511
48603,0.170,-0.017,9.493,-0.006,-0.085,-0.007,9.495,1887,1.521
49106,0.170,-0.017,9.462,-0.007,-0.086,-0.006,9.463,1885,1.519
49609,0.182,-0.010,9.498,-0.006,-0.084,-0.006,9.500,1878,1.513
50112,0.172,-0.010,9.483,-0.007,-0.085,-0.007,9.485,1881,1.516
50615,0.175,-0.019,9.471,-0.007,-0.086,-0.007,9.473,1885,1.519
51118,0.192,-0.010,9.483,-0.007,-0.085,-0.005,9.485,1886,1.520
51621,0.175,-0.019,9.469,-0.007,-0.085,-0.007,9.471,1883,1.517
52124,0.168,-0.022,9.498,-0.007,-0.085,-0.006,9.499,1877,1.513
52627,0.182,-0.014,9.479,-0.007,-0.085,-0.007,9.480,1888,1.521
53130,0.175,-0.012,9.440,-0.007,-0.086,-0.006,9.442,1882,1.517
53633,0.175,-0.017,9.452,-0.008,-0.085,-0.008,9.454,1890,1.523
54136,0.172,0.005,9.467,-0.007,-0.085,-0.007,9.468,1886,1.520
54639,0.170,-0.014,9.474,-0.007,-0.086,-0.007,9.475,1887,1.521
55142,0.163,-0.024,9.467,-0.007,-0.085,-0.006,9.468,1887,1.521
55645,0.187,-0.022,9.479,-0.007,-0.086,-0.006,9.481,1879,1.514
56148,0.182,-0.007,9.512,-0.008,-0.085,-0.006,9.514,1891,1.524
56651,0.168,-0.010,9.452,-0.007,-0.085,-0.006,9.454,1890,1.523
57154,0.168,-0.014,9.452,-0.007,-0.085,-0.006,9.454,1875,1.511
57657,0.177,-0.017,9.462,-0.007,-0.085,-0.006,9.464,1878,1.513
58160,0.189,-0.014,9.457,-0.007,-0.086,-0.006,9.459,1884,1.518
58663,0.180,-0.012,9.471,-0.007,-0.086,-0.007,9.473,1877,1.513
59166,0.187,-0.014,9.431,-0.007,-0.085,-0.006,9.433,1883,1.517
59669,0.182,0.000,9.474,-0.006,-0.085,-0.006,9.476,1883,1.517
60172,0.194,-0.014,9.467,-0.007,-0.086,-0.007,9.469,1885,1.519
60675,0.182,-0.010,9.471,-0.007,-0.086,-0.007,9.473,1882,1.517
61178,0.163,-0.014,9.500,-0.007,-0.085,-0.007,9.502,1879,1.514
61681,0.175,-0.012,9.459,-0.007,-0.085,-0.007,9.461,1881,1.516
62184,0.177,-0.019,9.491,-0.007,-0.086,-0.007,9.492,1889,1.522
62687,0.192,-0.007,9.452,-0.007,-0.085,-0.007,9.454,1888,1.521
63190,0.194,-0.024,9.488,-0.008,-0.085,-0.007,9.490,1893,1.525
