time_ms,accel_x,accel_y,accel_z,gyro_x,gyro_y,gyro_z,accel_magnitude
114391,0.369,0.043,9.517,-0.007,-0.085,-0.006,9.524
114594,0.362,0.041,9.493,-0.006,-0.087,-0.005,9.5
114797,0.362,0.034,9.546,-0.006,-0.086,-0.004,9.553
115000,0.357,0.045,9.538,-0.006,-0.085,-0.005,9.545
115203,0.362,0.041,9.534,-0.007,-0.086,-0.005,9.541
115406,0.369,0.041,9.515,-0.005,-0.084,-0.004,9.522
115609,0.366,0.041,9.534,-0.007,-0.085,-0.006,9.541
115812,0.357,0.038,9.529,-0.006,-0.085,-0.006,9.536
116015,0.376,0.017,9.515,-0.006,-0.086,-0.004,9.522
116218,0.357,0.041,9.527,-0.006,-0.086,-0.005,9.533
116421,0.364,0.029,9.543,-0.006,-0.087,-0.005,9.55
116624,0.357,0.057,9.522,-0.006,-0.085,-0.005,9.529
116827,0.364,0.057,9.541,-0.006,-0.085,-0.006,9.548
117030,0.345,0.043,9.517,-0.006,-0.085,-0.006,9.523
117233,0.364,0.034,9.51,-0.007,-0.086,-0.005,9.517
117436,0.362,0.043,9.558,-0.006,-0.085,-0.006,9.565